Unique_ID;Original_Study_Name;Venom_Family_Subtype;Venom_Family_Type;Hymenoptera_Group;Species;species_id;uniprot_id;db;mature_seq;full_seq
3486583;venom acid phosphatase Acph-1-like isoform X3;Acid phosphatases group 10;Acid phosphatases;1_Bees_Apinae;Bombus impatiens;132113;A0A6P3UL88;NCBI;ELKLVNVLFRHGDRTPDATNDEKYPNDPYLNNPFYPMGRGQLTNNGKMREYVLGQFLRQRYDHFLGDVYRSEAVSAISSDYDRTKMSLQLVLAGLFPPSNLQRWNHDLNWQPIPAKYLRRYEDNLFLPEDCLLFTIEYNRVLQSPAGKQEIGKYSKLMRQLTEWTGKNISTPWDMYYIYHTLMAESSLGLTLPEWSHAIFPNGELLNATIFSYNIANSTPLLKRLYGGPFLRIVTRHMLNHVTGAQNRERKINLFSGHESNVAAVLHALGVFYPHVPEYSSSVILELHQNNNAYYVKVLNYLGIPSEAKELQLPGCEILCPLDKYLQLIEGVMPSNDELICDKGLSQAFVDRKSIEELSLLKYNLIRTAGIIESK;MNNMVSFNYLKNFVSIYMVVALAAIIGITTVQAELKLVNVLFRHGDRTPDATNDEKYPNDPYLNNPFYPMGRGQLTNNGKMREYVLGQFLRQRYDHFLGDVYRSEAVSAISSDYDRTKMSLQLVLAGLFPPSNLQRWNHDLNWQPIPAKYLRRYEDNLFLPEDCLLFTIEYNRVLQSPAGKQEIGKYSKLMRQLTEWTGKNISTPWDMYYIYHTLMAESSLGLTLPEWSHAIFPNGELLNATIFSYNIANSTPLLKRLYGGPFLRIVTRHMLNHVTGAQNRERKINLFSGHESNVAAVLHALGVFYPHVPEYSSSVILELHQNNNAYYVKVLNYLGIPSEAKELQLPGCEILCPLDKYLQLIEGVMPSNDELICDKGLSQAFVDRKSIEELSLLKYNLIRTAGIIESK
KAF3423609;Venom acid phosphatase Acph-1;Acid phosphatases group 10;Acid phosphatases;1_Bees_Apinae;Frieseomelitta varia;561572;A0A833RGU8;NCBI;ELKLVNVIFRHGDRTPDASDDEKYPNDPYLNYSYYPMGRGQLTNTGKMREYTLGLFLRERYEDFLGELYIPDEVSVLSSDYDRTKMSLQLVLAGLYPPNDTVERWNQNLNWQPIPARYLRRYEDNFFLPENCLLFLVEYNRVLQSPEGKQQLEHYSGFMKQLTEWTGKNISTPWDLYYLYHTLMAESSYGFVLPNWTNGIFPYGELWNATIFSYHIANSTPLLRRLYGGPFLRLVTRHMLNHISGIKDEGEKINLFSGHESNVAAVLYALGVYYPHVPEYSSSVILELHYIGNSYYVKVVYYLGIPSKGNELQLPNCDVLCPIDKFLQLIEDVTPSNEEMICDKGLSSAFVDKMTIEELDLLKYNLIKTAGVIE;MHLEDSCRQPRYTDLKSTQIYIDSRLNTASMTSFMLSPRSFSLILALAAIIGVTAVRAELKLVNVIFRHGDRTPDASDDEKYPNDPYLNYSYYPMGRGQLTNTGKMREYTLGLFLRERYEDFLGELYIPDEVSVLSSDYDRTKMSLQLVLAGLYPPNDTVERWNQNLNWQPIPARYLRRYEDNFFLPENCLLFLVEYNRVLQSPEGKQQLEHYSGFMKQLTEWTGKNISTPWDLYYLYHTLMAESSYGFVLPNWTNGIFPYGELWNATIFSYHIANSTPLLRRLYGGPFLRLVTRHMLNHISGIKDEGEKINLFSGHESNVAAVLYALGVYYPHVPEYSSSVILELHYIGNSYYVKVVYYLGIPSKGNELQLPNCDVLCPIDKFLQLIEDVTPSNEEMICDKGLSSAFVDKMTIEELDLLKYNLIKTAGVIE
KOX80575;Venom acid phosphatase Acph-1;Acid phosphatases group 10;Acid phosphatases;1_Bees_Apinae;Melipona quadrifasciata;166423;A0A0M9AAI3;NCBI;ELRLVNVIFRHGDRTPDATDDEKYPNDPYLNYSYYPLGRGQLTNSGKMREYTLGRFLRERYGDFLGELYIPEDVSALSSDYDRTKMSLQLVLAGLFPPNDTTERWNQNLNWQPIPARYLRRYEDNFFLPEDCLLFLVEYNRVLQSPEGKQQLENYSGFMKQLTEWTGKNISTPWDLYYLYHTLMAEYSYGFVLPDWTHGIFPYGELWNATVFSYEVANSTPLLRRLYGGPFLRLITRHMLNHISGIKDQGEKINLFSGHESNVAAVLCALGVYYPHVPEYSSSVIVELHYIGNSYYVKVVYYLGIPSEGNELQLPNCDMLCPIDKFLQLIEDVTPSNEEMICDKSLSSAFADWNTIEELDLLKYNLIKTAGIIESE;MTNMISFNSPRSFSSMYTILALVAIIGVTAVRAELRLVNVIFRHGDRTPDATDDEKYPNDPYLNYSYYPLGRGQLTNSGKMREYTLGRFLRERYGDFLGELYIPEDVSALSSDYDRTKMSLQLVLAGLFPPNDTTERWNQNLNWQPIPARYLRRYEDNFFLPEDCLLFLVEYNRVLQSPEGKQQLENYSGFMKQLTEWTGKNISTPWDLYYLYHTLMAEYSYGFVLPDWTHGIFPYGELWNATVFSYEVANSTPLLRRLYGGPFLRLITRHMLNHISGIKDQGEKINLFSGHESNVAAVLCALGVYYPHVPEYSSSVIVELHYIGNSYYVKVVYYLGIPSEGNELQLPNCDMLCPIDKFLQLIEDVTPSNEEMICDKSLSSAFADWNTIEELDLLKYNLIKTAGIIESE
15434629;Venom acid phosphatase Acph-1;Acid phosphatases group 10;Acid phosphatases;2_Bees_Halictidae;Dufourea novaeangliae;178035;A0A154PK09;NCBI;ELRQVNVVFRHGDRTPDIDNEGYPNDPYLNFSYAPMGRGQLTNQGKRREYQLGKIMLERYGGFIGNTYTPKSVSGLSSDYDRTKMSLQLVLASLFPPSKQQRWNYHLNWQPIPARYLLRIEDNIFLADECPLYLAEYDRVLRSPQGKSGISNYKDFMRQLTEWTGKNISTPLDMYYIYHTLMAEYSFGLTLPEWAYKIFPYGELWNATVFSYDIASSTPLLRRLYAGPYLLRVTRTMLDFVTGTSENERLMYLYSGHETNIAAVLHALQVYKPHVPEYSSAVFMELHEIDSQYYVKVAHYLGIPSKVEEVQLPNCDLLCPLDKYLQLTEELMPSKEELVCDKGLTKKYADEKSPEELDLTRYNLIRTARAYKTE;MISFNGCKTASPIYAIIGLAAIICVTTIQAELRQVNVVFRHGDRTPDIDNEGYPNDPYLNFSYAPMGRGQLTNQGKRREYQLGKIMLERYGGFIGNTYTPKSVSGLSSDYDRTKMSLQLVLASLFPPSKQQRWNYHLNWQPIPARYLLRIEDNIFLADECPLYLAEYDRVLRSPQGKSGISNYKDFMRQLTEWTGKNISTPLDMYYIYHTLMAEYSFGLTLPEWAYKIFPYGELWNATVFSYDIASSTPLLRRLYAGPYLLRVTRTMLDFVTGTSENERLMYLYSGHETNIAAVLHALQVYKPHVPEYSSAVFMELHEIDSQYYVKVAHYLGIPSKVEEVQLPNCDLLCPLDKYLQLTEELMPSKEELVCDKGLTKKYADEKSPEELDLTRYNLIRTARAYKTE
EZA53020;Venom acid phosphatase Acph-1;Acid phosphatases group 10;Acid phosphatases;4_Ants_Dorylinae;Ooceraea biroi;2015173;A0A026WAD8;NCBI;AKPDLKLVNVVFRHGDRTPNSDREMFPNDPHLNYSFYPTGLGQLTLNGKKREYKLGQVLRKRYNTFLGSLYRPRIVVARSSDFDRTKMSLQLVLAALFPPKGIQQWDRLLNWQPIPTSYIPRVDDNLFLTDECPQYLNEYNRVLNLPQIKAKINGFSDFMSDLTRLTGKKIETTLDMFLLYHTFVAESSLGLSLPKWAYDYFPHGRLLDGVVAEYDITNFTPLLRRLYAGPMIRSMTDNMIAAQNLNAPDAKIYLYSGHETNIASLLHAFNVYVQEPHVPEYSSAIILELYQIDEEHYVKLLYYRGIPPIIKELRIPGCEVFCPFEKYLDLIEKLIPSDNEMVCDKRQTPDFVGVEYPAGLQKTMYNLIKMSTSNKDRLQLL;MVSPGIFANTLSILLIICLNAIVIANCAKPDLKLVNVVFRHGDRTPNSDREMFPNDPHLNYSFYPTGLGQLTLNGKKREYKLGQVLRKRYNTFLGSLYRPRIVVARSSDFDRTKMSLQLVLAALFPPKGIQQWDRLLNWQPIPTSYIPRVDDNLFLTDECPQYLNEYNRVLNLPQIKAKINGFSDFMSDLTRLTGKKIETTLDMFLLYHTFVAESSLGLSLPKWAYDYFPHGRLLDGVVAEYDITNFTPLLRRLYAGPMIRSMTDNMIAAQNLNAPDAKIYLYSGHETNIASLLHAFNVYVQEPHVPEYSSAIILELYQIDEEHYVKLLYYRGIPPIIKELRIPGCEVFCPFEKYLDLIEKLIPSDNEMVCDKRQTPDFVGVEYPAGLQKTMYNLIKMSTSNKDRLQLL
EFN60591;Lysosomal acid phosphatase;Acid phosphatases group 10;Acid phosphatases;4_Ants_Formicinae;Camponotus floridanus;104421;E2B167;NCBI;VQPELKLVNVVFRHGDRTPDNNGREMFPKDPYINYSFYPTGLGQLTIEGKRREHRLGQILRFRYNDFLGSLYKPKLVVARSSDFERTKMSLQLVLAGLFPPISVQRWNSHLNWQPIPTSYMQRVDDNLILTDECPQYLNEYNRVLILPEVQAKIYQFNDLMSNLTKLTGKKMQTLFDLYFLYHTFVAESSLGLPLAEWAYDYFPYGPLFDAIVAQYDISPLIRAMTDNMIAAQNMNSDTKIYLYSGHETNIASLLQAFGVYEPHVPEYSSAIIMELQEINQEFYVKLLYYQGIPPTIKELQIPGCDVLCPFDKYLDLIEDLIPSDDEMICDKRQTPDFANIEYPAGLQKVMYDLIKSSGINRNV;MISCRVFINYLSVASVIILNALLITAVQPELKLVNVVFRHGDRTPDNNGREMFPKDPYINYSFYPTGLGQLTIEGKRREHRLGQILRFRYNDFLGSLYKPKLVVARSSDFERTKMSLQLVLAGLFPPISVQRWNSHLNWQPIPTSYMQRVDDNLILTDECPQYLNEYNRVLILPEVQAKIYQFNDLMSNLTKLTGKKMQTLFDLYFLYHTFVAESSLGLPLAEWAYDYFPYGPLFDAIVAQYDISPLIRAMTDNMIAAQNMNSDTKIYLYSGHETNIASLLQAFGVYEPHVPEYSSAIIMELQEINQEFYVKLLYYQGIPPTIKELQIPGCDVLCPFDKYLDLIEDLIPSDDEMICDKRQTPDFANIEYPAGLQKVMYDLIKSSGINRNV
KMQ85603;Prostatic acid phosphatase;Acid phosphatases group 10;Acid phosphatases;4_Ants_Formicinae;Lasius niger;67767;A0A0J7K585;NCBI;MMSFCILENYLSIALVIGLNAILIACIQPELKLVNVQGKKREYELGETLRNRYKDFLGDLYLPKLVVAHSSDYDRTKMSLQLVLAALFPPTDIRQRWNGDLNWQPIPATFVPRVDDNFFLSDECPQFLDEYNRILNLPEIKKEVSQLKDITSKLSELTGKKIETALDLYYLYQTFVSESYLNPTLPKWAYDYFRLLDGPLFDGSVLIYNIISFTPLIRRLFTGPIIRAILDNMIAAKNPNPPDTKIYLYSGHDGNIASLLQVFGLYEPHAPKYSSAIIMELQELNQEYYVKLLYYQGIPRIVKELQIPGCDVLCPFDKYLDLIEDLIPSDDEMICDKRQTPAFADTKYPADLQRIMYNLIKTSAIDRNA;
11051918;Prostatic acid phosphatase;Acid phosphatases group 10;Acid phosphatases;4_Ants_Myrmicinae;Acromyrmex echinatior;103372;F4WFK0;NCBI;VPSELKLVNVVFRHGDRTPDNNGREMFPNDPYINYSFYPTGLGQLTTEGKKHEYRLGKFLRSRYNDFLGSLYVPKLLVARSSDFERTKMSLQLVLASLFPPRNVQRWTPLLNWQPIPTSYAPRIDDNIILSDECPQFLEEYNRILNSPEGQATIGQFKDLMGNLTRLTGKNIQTLEDLYFLYHTFVAESSLGLPLPEWAYDYFPYGPLFDGIVAAYNISNFTPLIRRLYAGPMIRAMTDSMIAAQNPNAAPNTKIYLYSGHETNIAGMLHAFGVYKPHIPEYSSAVILELQQIQQEYYVKLVYYRGIPPTIKDLTIPGCDTLCPFDKYLDLIDDLIPSDEEMTCDKRQTSSYAGTEYPAGLQNILENLIKRSTIEKSV;MISCHNFNNYLLIVTISLNAILITAVPSELKLVNVVFRHGDRTPDNNGREMFPNDPYINYSFYPTGLGQLTTEGKKHEYRLGKFLRSRYNDFLGSLYVPKLLVARSSDFERTKMSLQLVLASLFPPRNVQRWTPLLNWQPIPTSYAPRIDDNIILSDECPQFLEEYNRILNSPEGQATIGQFKDLMGNLTRLTGKNIQTLEDLYFLYHTFVAESSLGLPLPEWAYDYFPYGPLFDGIVAAYNISNFTPLIRRLYAGPMIRAMTDSMIAAQNPNAAPNTKIYLYSGHETNIAGMLHAFGVYKPHIPEYSSAVILELQQIQQEYYVKLVYYRGIPPTIKDLTIPGCDTLCPFDKYLDLIDDLIPSDEEMTCDKRQTSSYAGTEYPAGLQNILENLIKRSTIEKSV
12060520;Acid phosphatase;Acid phosphatases group 10;Acid phosphatases;4_Ants_Myrmicinae;Atta cephalotes;12957;A0A158NSL2;NCBI;VPFELILVNVVFRHGDRTPDNNGREMFPNDPYINYSFYPTGLGQLTIEGKKHEYRLGKFLRSRYNDFLGSLYVPKLVVARSSDFERTKMSLQLVLASLFPPRNLQRWSPLLNWQPIPILYTPRIDDNIILSDECPQYLEEYNRILNSPEGQAKIGEFKDLMGNLTRLTGKNIQSLEEFYYLYHTFVAESSLGLPLPEWAYDYFPYGPLFDGIVAAYNISNFTPLIRRLYAGPMIRAMTDNMIAAQNPNAAPNTKIYLYSGHETNIASMLHSFGVYKPHVPEYSSAVILELQQIQQEYYVKLVYYQGIPPTIKDLTIPGCDTLCPFDKYLDLIDDLIPSDEEMICDKRQTPKFAGIEYPAGLQNILENLIKRSTIEKKSV;MVSCHNFNNYLLIAISLNAILIAAVPFELILVNVVFRHGDRTPDNNGREMFPNDPYINYSFYPTGLGQLTIEGKKHEYRLGKFLRSRYNDFLGSLYVPKLVVARSSDFERTKMSLQLVLASLFPPRNLQRWSPLLNWQPIPILYTPRIDDNIILSDECPQYLEEYNRILNSPEGQAKIGEFKDLMGNLTRLTGKNIQSLEEFYYLYHTFVAESSLGLPLPEWAYDYFPYGPLFDGIVAAYNISNFTPLIRRLYAGPMIRAMTDNMIAAQNPNAAPNTKIYLYSGHETNIASMLHSFGVYKPHVPEYSSAVILELQQIQQEYYVKLVYYQGIPPTIKDLTIPGCDTLCPFDKYLDLIDDLIPSDEEMICDKRQTPKFAGIEYPAGLQNILENLIKRSTIEKKSV
18056196;Venom acid phosphatase Acph-1;Acid phosphatases group 10;Acid phosphatases;4_Ants_Myrmicinae;Atta colombica;520822;A0A151HZE5;NCBI;VPFELILVNVVFRHGDRTPDNNGREMFPNDPYINYSFYPTGLGQLTIEGKKHEYRLGKFLRSRYNDFLGSLYVPKLVVARSSDFERTKMSLQLVLASLFPPRNLQRWSPLLNWQPIPTLYTPRIDDNIILSDECPQYLEEYNRILNSPEGQAKIGEFKDLMGNLTRLTGKNIQSLEEFYYLYHTFVAESSLGLPLPEWAYDYFPYGPLFDGIVAAYNISNFTPLIRRLYAGPMIRAMTDNMIAAQNPNAAPNTKIYLYSGHETNIASMLHSFGVYKPHVPEYSSAVILELQQIQQEYYVKLVYYQGIPPTIKDLTIPGCDTLCPFDKYLDLIDDLIPSDEEMICDKRQTPKFAGIEYPAGLQNILENLIKRSTIEKSV;MVSCHNFNNYLLIAISLNAILIAAVPFELILVNVVFRHGDRTPDNNGREMFPNDPYINYSFYPTGLGQLTIEGKKHEYRLGKFLRSRYNDFLGSLYVPKLVVARSSDFERTKMSLQLVLASLFPPRNLQRWSPLLNWQPIPTLYTPRIDDNIILSDECPQYLEEYNRILNSPEGQAKIGEFKDLMGNLTRLTGKNIQSLEEFYYLYHTFVAESSLGLPLPEWAYDYFPYGPLFDGIVAAYNISNFTPLIRRLYAGPMIRAMTDNMIAAQNPNAAPNTKIYLYSGHETNIASMLHSFGVYKPHVPEYSSAVILELQQIQQEYYVKLVYYQGIPPTIKDLTIPGCDTLCPFDKYLDLIDDLIPSDEEMICDKRQTPKFAGIEYPAGLQNILENLIKRSTIEKSV
24873962;Venom acid phosphatase Acph-1-like;Acid phosphatases group 10;Acid phosphatases;4_Ants_Myrmicinae;Temnothorax curvispinosus;300111;A0A6J1PVP7;NCBI;VPSELKLVNVIFRHGDRTPDNNGREMFPDDPYINYSFYPTGLGQLTVDGKKHEYRLGKFLRFRYNDFLDNLYTPKLVVARSSDFERTKMSLQLVLASLFPPTSVQRWNPVLNWQPIPTSYTPRIDDNIILADECPQYLDEYNRIVNSPQGQAKINQFKGLMDNLTKLTGKKIKTLEDLYFLYQTFAAESSLKLPLPEWAYDYFPYGALFGGIVAFYNISNFTPLTRRLYAGPMIRSMTDNMIAAQNPTAAPKTKVYLYSGHETNIASMLHAFGVYKPHVPEYSSAVILELQQIGQEYYVKLVYYRGIPPTVKDLQIPGCDILCPFDKYLDLIEDLIPSDEEMICDKRQTPSYAGTEYPAGLQNILENLIKRSAIKENIQ;MISGNIFDNYVLIAFIILNIILIGGVPSELKLVNVIFRHGDRTPDNNGREMFPDDPYINYSFYPTGLGQLTVDGKKHEYRLGKFLRFRYNDFLDNLYTPKLVVARSSDFERTKMSLQLVLASLFPPTSVQRWNPVLNWQPIPTSYTPRIDDNIILADECPQYLDEYNRIVNSPQGQAKINQFKGLMDNLTKLTGKKIKTLEDLYFLYQTFAAESSLKLPLPEWAYDYFPYGALFGGIVAFYNISNFTPLTRRLYAGPMIRSMTDNMIAAQNPTAAPKTKVYLYSGHETNIASMLHAFGVYKPHVPEYSSAVILELQQIGQEYYVKLVYYRGIPPTVKDLQIPGCDILCPFDKYLDLIEDLIPSDEEMICDKRQTPSYAGTEYPAGLQNILENLIKRSAIKENIQ
KYN43496;Venom acid phosphatase Acph-1;Acid phosphatases group 10;Acid phosphatases;4_Ants_Myrmicinae;Trachymyrmex septentrionalis;34720;A0A195FSS6;NCBI;VPSELKLVNVVFRHGDRTPDNSGREMFPNDPYVNDSFYPIGLGQLTTEGKKHEYRLGKFLRSRYNGFLDSLYVPKLVVARSSDFERTKMSLQLVLASLFPPTNVQRWNRFLNWQPIPTSFIPRIDDNIILSDECPQFLKEYNRILNSPEGQAKIDQFKDMMDDLTKLTGKNIQTLEDLYFLYHTFVAESSLGLPLPEWAYDYFPYGPLFDGTVAEYDITNFTPLIRRLYAGPMIRVMTDSMIAAQNPNAAPKTKIYLYSGHETNIASMLHAFGVYKPHVPEYSSAVILELQQIQQEYYVKLVYYRGIPPTIDDLTIPGCDTLCPFDKYLDLIDDLIPSDEEMICDKRQAPNYTGTEYPAGLQNIHIFKNLI;MISYHNFNTYLLIATISLNAILIAAVPSELKLVNVVFRHGDRTPDNSGREMFPNDPYVNDSFYPIGLGQLTTEGKKHEYRLGKFLRSRYNGFLDSLYVPKLVVARSSDFERTKMSLQLVLASLFPPTNVQRWNRFLNWQPIPTSFIPRIDDNIILSDECPQFLKEYNRILNSPEGQAKIDQFKDMMDDLTKLTGKNIQTLEDLYFLYHTFVAESSLGLPLPEWAYDYFPYGPLFDGTVAEYDITNFTPLIRRLYAGPMIRVMTDSMIAAQNPNAAPKTKIYLYSGHETNIASMLHAFGVYKPHVPEYSSAVILELQQIQQEYYVKLVYYRGIPPTIDDLTIPGCDTLCPFDKYLDLIDDLIPSDEEMICDKRQAPNYTGTEYPAGLQNIHIFKNLI
14472126;Venom acid phosphatase Acph-1-like;Acid phosphatases group 10;Acid phosphatases;4_Ants_Ponerinae;Dinoponera quadriceps;609295;A0A6P3X186;NCBI;TTLNALKLVNVVFRHGDRTPDNNGFEMYPNDPYLNYSFYPTGLGQLTLAGKRREYNLGQVLRARYDGYLSKVYVPKDLVARSSDYDRTKMSLQLVLAGLYPPPVVQRWNKWLNWQPIPASYTPRVDDGLILADECPEYLDEYERVLESPEVQSMLDQFKDLRSSLMKLTGKKLERPSLDYYYLYHTFIAESSLGLPLPEWVYDYFPSGQLFDATIASYDISSKNDKLKKLFAGPLIRAMTDNMIKTQNGASPAKIYLYGGHETNIAALLKALEVYETHVPEYSSAIIIELLQIGFDYYVKLLYYLGIPPVIKELTIPGCEVLCPFDKFLDLTEKLIPLENEIICDKRKTPDYANVPYPAAVQEMLYNLLKTNRNETRR;MILPRNFCNYLSIVAVIGLSSSILMANSTTLNALKLVNVVFRHGDRTPDNNGFEMYPNDPYLNYSFYPTGLGQLTLAGKRREYNLGQVLRARYDGYLSKVYVPKDLVARSSDYDRTKMSLQLVLAGLYPPPVVQRWNKWLNWQPIPASYTPRVDDGLILADECPEYLDEYERVLESPEVQSMLDQFKDLRSSLMKLTGKKLERPSLDYYYLYHTFIAESSLGLPLPEWVYDYFPSGQLFDATIASYDISSKNDKLKKLFAGPLIRAMTDNMIKTQNGASPAKIYLYGGHETNIAALLKALEVYETHVPEYSSAIIIELLQIGFDYYVKLLYYLGIPPVIKELTIPGCEVLCPFDKFLDLTEKLIPLENEIICDKRKTPDYANVPYPAAVQEMLYNLLKTNRNETRR
AVZ66237;Venom acid phosphatase;Acid phosphatases group 10;Acid phosphatases;7_Bethylidae;Sclerodermus guani;380176;A0A2R4SV17;NCBI;QPQIPASRTSNIKLLSAIFRHGDRTPDNNGHEMYPKDPNLNNNFYPLGLGQLTHKGKNREYELGLHLREQYNEFLGDIYESKALIARSTDYDRTKMSLQLVLAGLYPPQGDLIWNKNLLWQPIPTHYLPSYADVLMIPEECPKYLEKFNNILNSTEVQEIMSDFSELMTNLTRITGKNITKSQDMYYLYHTLDAEKSLGATILDELKAYHPNGPLLEGVLLHYELINFNDDLIKLNGGVLLRKITENMKAVKENTMAEGRKLFLFSGHETNVAAILNALDVYELHVPQYSSCVVIELHEVDNSYYVKVNYFRGIPAEFKTLTIPGCEELCPFDRFIELTAPVTPTDDDLKCDKFQTALYRDKQDKILNKNFQFTLVKQFI;MMAYPRDCINYLIIILMINIITVACQPQIPASRTSNIKLLSAIFRHGDRTPDNNGHEMYPKDPNLNNNFYPLGLGQLTHKGKNREYELGLHLREQYNEFLGDIYESKALIARSTDYDRTKMSLQLVLAGLYPPQGDLIWNKNLLWQPIPTHYLPSYADVLMIPEECPKYLEKFNNILNSTEVQEIMSDFSELMTNLTRITGKNITKSQDMYYLYHTLDAEKSLGATILDELKAYHPNGPLLEGVLLHYELINFNDDLIKLNGGVLLRKITENMKAVKENTMAEGRKLFLFSGHETNVAAILNALDVYELHVPQYSSCVVIELHEVDNSYYVKVNYFRGIPAEFKTLTIPGCEELCPFDRFIELTAPVTPTDDDLKCDKFQTALYRDKQDKILNKNFQFTLVKQFI
11310108;ACPH1_5 protein;Acid phosphatases group 10;Acid phosphatases;8_Parasitoids_Braconidae;Fopius arisanus;64838;A0A0C9RY44;NCBI;LHTKFVNVVFRHGDRTTLDNDDEPFPTSPYLNWTFYPYGLGQLTNQGKRRVYELGVKIRERYGDFLGDVYHPSAIIARSSDYDRTKMSLQLVMAGIFPPAPEQQWHPDFNWQPVIANYVPHPDTLLRPQDCPRFKEELNDAEESIDFKRELIEYQRLMEFLTKWTGKSIRSALDMEGLYNSLKALNAMGLRLPEWTSGIFPYGQLHDGAILNYRLMSWSERLKVLNGGMLLKNFTDNMLRTATAKKESPLKMVLLSGHEINLTALMEALGVYSPHVPEYSSAIFVELLEERKEYFVRIIYYLGDPQETSLINIPRCGRLCPLTRFIQLYSEVLPSVDDVNCLP;MWRIQLIVLVIGLPGILPLHTKFVNVVFRHGDRTTLDNDDEPFPTSPYLNWTFYPYGLGQLTNQGKRRVYELGVKIRERYGDFLGDVYHPSAIIARSSDYDRTKMSLQLVMAGIFPPAPEQQWHPDFNWQPVIANYVPHPDTLLRPQDCPRFKEELNDAEESIDFKRELIEYQRLMEFLTKWTGKSIRSALDMEGLYNSLKALNAMGLRLPEWTSGIFPYGQLHDGAILNYRLMSWSERLKVLNGGMLLKNFTDNMLRTATAKKESPLKMVLLSGHEINLTALMEALGVYSPHVPEYSSAIFVELLEERKEYFVRIIYYLGDPQETSLINIPRCGRLCPLTRFIQLYSEVLPSVDDVNCLP
PBC32785.1;Dipeptidyl peptidase;Dipeptidyl Peptidases IV ;Dipeptidyl Peptidases IV ;1_Bees_Apinae;Apis cerana cerana;94128;A0A2A3EM02;NCBI;MDQSVLDVPVPSIEASADLSIVTQRQRQQRGNDDTTTPLPRGRHAVERKGKVLVQLVLLLVVHGSLLVLVAGKSIPRVIDQDLERYEPLEEEDHQGVRVPFKLEETYDQSFRANNFNGTWKTDREILYSDNYVGDIRLFDVTTGSSTVLLDSSVTADFDKASVMFSFDNSHVAIGHDYINGFRYSIYQKCTVYNIKSRTFTDIANGDRIPLFKWSPTRNALIYVHENDIYYQVFFEGGSDTRRITNTGVPDIVFNGIPDWVYEEEVLGSPVAFWISPDGRHLAFATFNDTNVRDIVISKYGSPGNLKDQYPNEIKIKYPKAGTTNPFVSLSVIDLHDPSSKSIDLRPPVDVVGAVQNKAQLVLYDTKGNANNIYYEEETEGWLRIQSPLYHDQYVIIVKLQDSGTKAGRFLHATRFEYKNGALVDETDLTPGTNEVVSLLLVDHARSRLYYLGTELDKPSHKNLYSVQLGGTESPVCLSCELLTPEGNRCTYAYAYFSANGSHYALHCAGPDPVFIAVMNANHRQIFIWEENRSLRRKVASRTQPIVKNLNVNANGYTNKVKLYLPPDFDEKKKYPLLINVYAGPNTVRITEEATYGFESYIVTNRSVIYGRIDGRGSAYKGSKMLFEIYRRLGTVEIEDQIVITKTLQQRYSWIDSNRTGIWGWSYGGFSAAMVLATDTESVFRCGISVAPVTSWIYYDSLYTERFMGLPTPEDNQSGYNDTDVSRRVEGIRGKKYMLIHGTADDNVHYQQSMILNKALVNSDIMFQQQTQTVRSTN;
XP_033301323.1;Venom dipeptidyl peptidase 4 isoform X2;Dipeptidyl Peptidases IV ;Dipeptidyl Peptidases IV ;1_Bees_Apinae;Bombus bifarius;103933;A0A6P8M0Q5;NCBI;MVDYEKPSISFSFDNSFIAIGHDYANGFRYSLYQRCDVYDTKTRTYTRIANGDRIPLFKWSPTRNALIYVHENDIYYQVFSEGGSHIRRITNTGVLDTVYNGVPDWVYEEEVLASASALWLSPDGRHLAFATFNDTNVKDIEIPKYGSPGNMKDQYPKEIKIKYPKAGSPNPVVSMSVVDLDNWSSELLNLEPPTDIVGTDCVLYTVNWRTNHQVTVTWTNRVQNKAQIVLYDLRGNNSNIYYEEENEGWLRILPLVFHDEYVIIVKLQDSGTPAGRFQHATRFEYKDGKLVGEKDLTPGAKEVISILAVDHARKRLYYLGNELDEPSHRNVYSVQLDGNGAPVCLSCNVFSPEGNRCTYAYAYFSTDSSNYALSCSGPDPLFITIMNANHKRIYNWEENRSLRQKLATRTQPIFRNFYVTVNGYKNKVKLSLPPDFDEKKSYPLLINVYAGPNTVRVTNEASFGFESYMVTNRSVIYGRIDGRGSAYKGSKMLFEIYRRLGTVEIEDQIAVTRVLQETYSWIDSNRTAIWGWSYGGFSTAMVLATDKASVFKCGISVAPVTSWIYYDSLYTERFMGLPTPADNLYGYNHTDVARRVEGIRGKKYMLIHGTGDDNVHYQQSMALNKALVDKDIMFEQQSYTDEAHALSGVFPHLYHTMDRFWANCLGYSHTH;
XP_024221352.1;Venom dipeptidyl peptidase 4 isoform X2;Dipeptidyl Peptidases IV ;Dipeptidyl Peptidases IV ;1_Bees_Apinae;Bombus impatiens;132113;A0A6P6F7S4;NCBI;MVDYEKPSISFSFDNSFVAIGHDYANGFRYSLYQRCDVYNTKTRTYTRIANGDRIPLFKWSPTRNALIYVHENDIYYQVFSEGGSHIRRITNTGVLDTVYNGVPDWVYEEEVLASASALWLSPDGRHLAFATFNDTNVKDIEIPKYGSPGNMKDQYPKEIKIKYPKAGSPNPVVSMSVVDLDNWSSELLNLEPPTDIVGTDCVLYTVNWRTNHQVTVTWTNRVQNKAQIVLYDLRGNNSNIYYEEENEGWLRILPLVFHDEYVIIVKLQDSGTPAGRFQHATRFEYKDGKLVGEKDLTPGAKEVISILAVDHARKRLYYLGNELDEPSHRNVYSVQLDGNGAPVCLSCNVFSPEGNRCTYAYAYFSIDSSNYALSCSGPDPLFITIMNANHKRIFNWEENRPLRQKLATRTQPIFRNFYVTVNGYKNKVKLSLPPDFDEKKSYPLLINVYAGPNTVRVTNEASFGFESYMVTNRSVIYGRIDGRGSAYKGSKMLFEIYRRLGTVEIEDQIAVTRVLQETYSWIDSNRTAIWGWSYGGFSTAMVLATDKASVFKCGISVAPVTSWIYYDSLYTERFMGLPTPADNLYGYNHTDVARRVEGIRGKKYMLIHGTGDDNVHYQQSMALNKALVDKDIMFEQQSYTDEAHALSGVFPHLYHTMDRFWANCLGYSHTH;
OAD60840.1;Venom dipeptidyl peptidase 4;Dipeptidyl Peptidases IV ;Dipeptidyl Peptidases IV ;1_Bees_Apinae;Eufriesea mexicana;516756;A0A310SPV5;NCBI;MDSSVTADYNKPAISFSYDNSLVMISYDFANVIVCRISFIRFILVFFHSRRTYMKIANGERIPLYKWSPTRNALIYVHENDIYYQVFSEGGSIIRITNTGVLDAVYNGVPDWVYEEEVLASASALWFSPDGRHLAFATFNDTSVKEMVIPMYGEPGNMKDQYPKEMKIKYPKAGSPNPEVSVSVIDLDNPSLKLVDLKSPSDIVGVDNVLYTVNWRNEDQVVVTWMNRVQNKAQIMLYDTNGNAKNIFYEEETEGWLRIQPPVYHDRYVIITKLQESGTAAGRFQHATRFEYKNGRLIDETDLTPGANEVIIILAVDHATERLYYLGNQLDKPSHRNLYSVQLDGSEAPVCLSCYVLTPEGNNCTYAYAYFSTESSNYALSCSGPDPLFITIMNSNHQLLLTWEENQSLRQKLATRSQPLVKNFYVDANGYSNKVKLYLPPDFDENKSYPLLINVYAGPNTVRITEEATFGFESYMVTNKRVIYGRIDGRGSAFKGSKMLFEIYRRLGTVEIEDQITVTRMLQQKFPWIDQNRTAIWGWSYGGFSTAMVLATDKESVFKCGVSVAPVTSWIYYDSLYTERFMGLPTPEDNLQGYNRSDVNRRVEGIRGKKFMLIHGTGDDNVHYQQSMALNKALVDKDILFEEQSYTDEAHALSGVFPHLYHTMDRFWAKCLDYTFVY;
KAF3420675.1;Venom dipeptidyl peptidase 4;Dipeptidyl Peptidases IV ;Dipeptidyl Peptidases IV ;1_Bees_Apinae;Frieseomelitta varia;561572;A0A833RQC6;NCBI;MVLLSTLRQIKQYVFNINDSVHGIPQLIDKDVNRYESSEENDQQDVKVPFKLEETYGVNFRANTFNGTWRTDTKILYSDSILGDTLLFDAATGTTSSLLDFSVIADFNKPSVSFSFDNSFVVIGHDYESGFRYSVYQRCVVYNTKTNSYMEIANGDRIPLIKWSPTRNALIYVHENDIYYQVFSDRSSIRRITDTGVLDTVYNGVPDWVYEEEVLASASAAWFSPDGRHLAFATFNDTNVREIGMLRYGIPGNIKYQYPEELKIKYPKTGSPNPVVSMTIVDLDNPFKLINLEPPIDVAVTWTNRVQNKAQIVLYDTKGNSSNIYYEEESEGWLRILPPIFYNEYVIIVKLQDSGTSAGRFQHAVRFKYTAGKLIDETDLTAGAKEVISILAVDHVRGRLYYLGNEFGAPSQRNLYSVQLNGNQKPVCLSCNVVSPERKRCTYAYAYFSTDCSYYALSCSGPDPVFVTIRNADHRKVYNWEENRSLRRKVAARTQPTYKNLQVPMNGYKCNVKLSLPPDFDEKKRYPLLINVYAGPNTVRITDEASFGFESYMVTNRSVIYGRIDGRGSAYKGSKMLFEIYRRLGTVEIEDQIAVTRLLQETYPWIDSSKTGIWGWSYGGFSTAMVLATDRKSVFKCGISVAPVTSWIYYDSLYTERFMGLPTPEDNLHGYNHSDVTRLVEGIRGKKFMLIHGTGDDNVHYQQAMALNRALVDKDIMFEQQSYTDEAHALSGVFPHLYHTMDRFWANCLGY;
KOC62680.1;Venom dipeptidyl peptidase 4;Dipeptidyl Peptidases IV ;Dipeptidyl Peptidases IV ;1_Bees_Apinae;Habropoda laboriosa;597456;A0A0L7QVP2;NCBI;ASASFTLEETYDQTFRANIFNGTWRTDTDIVYSDNYVGDIREFDVTTGISTVLMDSSVAADYEKPTVYFSFDNTFILIGHDYASVSSDLILYFSKRKTYTDIANGARLTYFKWSPTENALIYVHENDIYYQVFSEEGSDLRRITNTGVIDEIYNGIPDWVYEEEILASASALWFSPDGRHLAFATFNDSHVKDIVLTMYGDPGTMKDQYPAEVKIKYPKAGSPNPVVSLSLIDLDNPSSKLVHLQSPADIIGVDNVLYTVNWRNEDQLVATWTNRVQNKAQLVLYDTQGNVENIHYEHETEGWLRIQPPVYHNQYVIILKLQESGTEAGRFQHATRFVYKDGKLSDEKDLTPGPNEVMSILAVDHVRERLYYLGTTLDKPSHRNVYSVQLAGNAAPVCLSCNVLTPEGNRCTYAYAFFSKSSSYYALSCSGPDPVFIAIMDANHRQLYSWEDNGPLRRQLAARKQPVIKNLNVKANGYNNKVRLYMPPDFDEKKAYPLLINVYAGPNTIKITDEVTYGFEAYMVTNRSVIYGRIDGRGSAYKGSKMLFEIYRKLGTVEIEDQITVTRILQQTYSWIDPNRTAIWGWSYGGFATAMALATDRESVFKCGISVAPVTSWIYYDSLYTERFMGLPTPEDNLYGYNHTDVTRRVEGDEAHALAGVFPHLYHTMDRFWSNCLGYSHPQ;
EZA53369.1;Venom dipeptidyl peptidase;Dipeptidyl Peptidases IV ;Dipeptidyl Peptidases IV ;4_Ants_Dorylinae;Ooceraea biroi;2015173;A0A026WEB2;NCBI;MTAWKEEGSTTEDTRSRMNVPRICRKRWEHLLLLRICRESTRYISLCRAHSRDRPPHQQRLFRLLPKILRFLVLCGYLLVIGQSRTVSHADVHVSDIDDHVKKPFTLEDIYLRLFYGYGFNGTWISDTEIIIPDYVTSDLVIYDVATGKTKQIFDGWKLPNSYKFDTAVMSADRQYILFTYNTSQVFRHSKVMSYVIYDVNRGTYENIANGAAISLAMWSPTNNDIVYVQDNDIYYMTFKNGQTEVRRLTKTGIPGIIYNGIPDWVYEEEVFGSATAMWYSPDGQHLAFATFNDTVVKNMVYLHYGVPGSLDDQYPTEVQIKYPKVGTPNPTVSLSVIDLTDPSSKAISLKAPWAGNDHVLFTVNWWQASHVIATWTNRVQNQSQLIMYDTKGGSNLILANEETEGWLQPNRPIKVGNHALLLRLEDSGISAGRFRHITRYEYEGGKFVSPVDLTPGPSEVHMILAVDSLKKIVYYLATAPGEPNQRNLYSVPLNGSQKPTCISCALLTPEGNKCTYVSASFSRLRSYYTLICFGPDPITVGIYNSDHQFVLGWNNNTMLRDALLERLMPQRRDMNITVNGYNSRVRLLLPPDFNENESYPMLVHVYAGPNTVRITDVLKVDYEYYLTTNKRIIYAWIDGRGSAYKGSKMLFEIYRSVGTVEVEDTIAVTAALQKQYKWIDANRTGIWGWSYGGFTTGMTLATDTASVFKCGISVAPVTSWIYYDSIYTERYMGLPTPEDNLAGYNRTDITRQAEGIRGKKFLLIHGTGDDNVHYQQAMALAKALEYRDILFEQITYTDEAHSLQNVHPHFYHTMDKFWNECFGLDRAR;
EFN67964.1;Dipeptidyl peptidase 4;Dipeptidyl Peptidases IV ;Dipeptidyl Peptidases IV ;4_Ants_Formicinae;Camponotus floridanus;104421;E2AF09;NCBI;MFKANVRLNVAHINGTNIRTKNDDQVTKKPFTLEEIYLQLYYSFGFNGTWISDREIMITDIVNSNITIYDVVTKENKRIFDGSKWPLPYKFMSATFSADKQYILFGYNVKQVFRHTTVRNYVVYDVNRSTYSEIADEAPIVLALWSPIGNDLVYVHDNDIYHMIFNHEQTIVRRLTKSGKFGVIYNGVPDWVYEEEVLRSAVAMWYSPDGRYLAFATFNDTVVKDMAYFYYGVPGSFEDQYPTQVKLKYPKVGTPNPEVFLSVIDLSNQSSKAIVLEAPVDVIGSDNILFTASWWDTTHVIVTWTNRVQNQSLLIMYDTQGISKPILHDEEIEGWLQPNRPIRAGDYALLLQWKDSGTNAGKFRHIVRYEFESGRFVSSVDLTPGPSEVHSILAVDSLRGKVYYLATAPGEPTQRNLYSVPLDASQKPTCISCELLTPEGNKCTYATAAFSSRRSYYAFTCSGPDPTAITINDRNHRPILTWNTNSLIRQLLSQRLMPQQRDFSVTVNGYNSRVRLLLPPNFDENKSYPLLVYVYGGPNTVRITDNVKYDYEYYLTTNKHVIYAWIDGRGSAFKGSKMLFEIYRNIGTVEIEDTIAVTKALQNKYKWIDANRTGLWGWSYGGFTSGMVLATDTASVFKCGISVAPVTSWIYYDSIYTERFMGLPTPEDNLAGYNRTDITRQVEGIRGKKYMLIHGTGDDNVHYQQAMALAKSLEHNDILFEQITYTDEAHSLEHVSPHFYHTMDKFWNKCFGLSSAP;
EGI64633.1;Dipeptidyl peptidase 4;Dipeptidyl Peptidases IV ;Dipeptidyl Peptidases IV ;4_Ants_Myrmicinae;Acromyrmex echinatior;103372;F4WLY9;NCBI;RKPFFLEEIYLYTYYMSGFNGSWISDNEFMVESITGDIAIINVKTKETKQIFNGTNLSVPYKFNTATISADKQYILFSYNSRRVFRHSTIKNYVVYDIQNDTFEEIANETFISLALWSPIGSDLVYVLDNDIYHMTFNRSQNVVRRLTTSGEANIVFNGIPDWVYEEEVFGSATAMWFSPNGQHLAFATFNDTLVKDMAYFHYGTAGSLEDQYPTEVKIKYPKVGTPNPVVSLSVIDLFDSSSEVVTLEAPIKEVTSDNILYVVSWWNKTHVLATWTNRVQNQSQMTMYDIQGDAKLVLSDEETEGWLQPNLPIRTRDYILLLRREPSGTSAGRFRHINRYEYKDGQFIMPLDLTPGPSEVHAILAADSPRGKVYYLATAPGEPSQRNLYSVPLDGSQKPTCISCKLLTPEGNKCTYATASFSSRRSYYAFTCSGPDPTTVTINDNNHQTVLIWNTNQVTRTLLSRRLIPQRKDFNVTVNGYDCRVRLFLPPDFDESKLYPMMVFVYGGPNTVRIVDDAKYGYEHYLTTNRSMVHAWIDGRGSAFKGSNMLFEIYRKIGTVEIEDTIAVTEILQKQYSWIDANRTGIWGWSYGGFTTGMMMAQDTNFVFKCGISVAPVTSWIYYDSIYTERLMGLPTPEDNLDGYNRTDISRLSEGIRGKKYMLIHGTGDDNVHYQQALALAKSLEHKDILFEQVTYTDEAHSLENVSPHLYHTMDKFWCECFGWDH;
KYM96356.1;Venom dipeptidyl peptidase 4;Dipeptidyl Peptidases IV ;Dipeptidyl Peptidases IV ;4_Ants_Myrmicinae;Cyphomyrmex costatus;456900;A0A195C860;NCBI;MTFNRSQNVVRRLTTSGEANIVYNGITDWVYEEEVFRSATAVWFSPDGQYLAFATFNDTVVKDMAYFHYGTPGSLEDQYPTEVKIKYPKAGTPNPVVSLSVIDLFDPLSKAVILKAPINEVTRQVIFVITTDNVLYVVSWWNKTHVIATWTNRVQNQSQMTMYSIQGDAKLVLSDEETEGWLQPNRPIRTRDYILLLRREPSGTSAGRFRHINRYEYKDGQFIMPLDLTPGPSEVHTILAADSPRGKVYYLATAPGEPSQRNLYSVPLDGSQKPTCISCKLLTPEGNRCTYATASFSRQRSYYALTCSGPDPITVTINDNNHQPVLTWNTNKLVRILLSRRLMPQQRNFNITVNGYDCKVRLLLPPDFDESKSYPLMLFVYAGPNTVRIIDEARYGYEHYLTTNRSIVHASIDVRGSAFKGSNMLFEIYRKLGTVEIEDTIAVTEILQKQYSWIDANRTGIWGWSYGGFTTGMVMIQDTNSVFKCGISIAPVSSWIYYDSIYTERFMGLPTPEDNLDGYNRTDISRRSEGMRGKKYMLIHGTEDDNVHYQQALALAKSLEHNDILFEQVTYTDEAHSLENVAPHLYHTMDKFWGECFGWGRDH;
XP_024869126.1;Venom dipeptidyl peptidase 4-like;Dipeptidyl Peptidases IV ;Dipeptidyl Peptidases IV ;4_Ants_Myrmicinae;Temnothorax curvispinosus;300111;A0A6J1PIB6;NCBI;IFKRAFFFHRKKILVTKIVLYIYSTFEEIANEAFISLALWSPIGSDLVYVLDNDIYHMTFNRSQNVVRRLTTSGEPGIIYNGIPDWVYEEEVFGSPTATWYSPDGRYLAFATFNDTQVKDMAIFHYGIPGSLEDQYPTEVRIKYPKVGTPNPTVTLSVIDLTDPSSEAVTLEAPVDVVTSDNVLYNVNWWNQTHVITTWTNRVQNQSQLTMYNTQGDIKLVFFDEETEGWLQPNIPIKTGNYVLYLRREDSGTSAGRFRHIDRYEYKDDRFIKPVDLTPGPSEVHTILAVDSARGRVYYLATAPGEPTQRNLYSVPLDGSQEPTCISCELLTPEGNKCTYATASFSSQRSFYALTCAGPDPTTVTIYDENHQPVSTWTNNDLTRKLLSRKLMPKQKDFNITVNGYDCRVRLLLPPDFDENKSYPLLVFVYAGPNSARITDDHKIGYEHYFTTSRDVVYARIDARGSAYKGSNMLFEIYRKLGTVEVEDTIAVTSILQKQYKWIDANRTGVWGWSYGGFTTGMVLAQDANSVFKCGISVAPVTSWIYY;
KYN10654.1;Venom dipeptidyl peptidase 4;Dipeptidyl Peptidases IV ;Dipeptidyl Peptidases IV ;4_Ants_Myrmicinae;Trachymyrmex cornetzi;471704;A0A195DE08;NCBI;MITGDIAITNVKTGETKQIFNGTDLPLPYKFSTTTISADKQYILFCYNVNHVYRHSTVQNCVVYNIQNGTFEEIANGTMISLALWSSIGSDLVYVLDNDIYLITFDYKSNGVRRLTTSGEANTVFNGIPDWVYEEEVFGSATAMWFSPDGQHLAFATFNDTAVKDMAYFHYGTPGSLEDQYPTEVKIKYPKAGTPNPVVSLSVIDLFDPSDNILYIVSWWNKTHVLATWTNRVQNQSQMTMYDIQGDAKLVLSDEETEGWLQPNLPIRTRDYILLLRREPSGTSAGRFRHINRYEYKDGQFIMPLDLTPGPSEVHAILAVDSPRGKVYYLATAPGEPSQRNLYLVPLDGSQKPTCISCKLLTPEGNKCTYATASFSSSRSYYAFTCSGPDPATVTINDNNHQPVLTWNTNQATRTLLSRRLMPQQRNFNITVNGYDCKVRLLLPPDFDESKLYPMMVYVYGGPNTARIVDDAKYGYEHYLTTNRSIVHAWIDGRGSAFKGSNMLFEIYRKLGTVEIEDTIAVTEILHKRYSWIDANRTGIWGWSYGGFTTGMVMAQDTNFIFKCGISVAPVTSWIYYDSIYTERLMGLPTPEDNLDGYNRTDISRRSEGIRGKKYMLIHGTGDDNVHQQQTLAFAKSLEYKDILFEQVTYTDEAHSLANVYPHLYHTMDKFWGECFGWAH;
KYN43954.1;Venom dipeptidyl peptidase 4;Dipeptidyl Peptidases IV ;Dipeptidyl Peptidases IV ;4_Ants_Myrmicinae;Trachymyrmex septentrionalis;34720;A0A195FVS0;NCBI;MPVVPGGAYQQGPTCFDRMKLGFTIGFCVGMASGALFGGFSALRKSFFLEEIYLYTYYSSGFNGSWISDNEFIVGSIITGDITITNVKTKETRQIFNGTDLPLPYKLSTATISADKQYILFGYNTRRVFRHSTVKNYVVYDIQDGTFEEIENGTFISLALWSPIGSDLVYVFDNDIYHMTFNRSQNVVRRLTTSGEANIVFNGIPDWVYEEEVFGSATAMWFSPDGQHLAFATFNDTVVKDMAYFHYGTPGSLEDQYPTEVKIKYPKVGTPNPVVSLSVIDLFDPLSEAVILEAPINEVNQSQMTMYDIQGDAKLVLSDEETEGWLQPNLPIRTRDYILLLRREPSGTSAGRFRHINRYEYKDGQFIMPLDLTPGPSEVHAILAADSPRGKVYYLATAPGEPSQRNLYSVPLDGSQKPTCISCKLLTPEGNKCTYATASFSSWRSYYAFICSGPDPATVTINDNNHQSVLIWNTNQDTRARLSRRLMPQQKDFNVTVNGYDCRVRLFLPPDFDESKSYPMMVFVYGGPNTVRIVDDAKYGYEYYLTTNRSMVHAWIDGRGSAFKGSNMLFEIYRKLGTVEIEDTIAVTEILQKQYSWIDANRTGIWGWSYGGFTTGMVMAQDTNFVFKCGISVAPVTSWIYYDSIYTERLMGLPTPEDNLDGYNRTDISQRSEGIRGKKYMLIHGTGDDNVHYQQALALAKSLEYKDILFEQVTYTDEAHSLENVSPHLYHTMDKFWCECFGWGH;
XP_014479088.1;Venom dipeptidyl peptidase 4 isoform X1;Dipeptidyl Peptidases IV ;Dipeptidyl Peptidases IV ;4_Ants_Ponerinae;Dinoponera quadriceps;609295;A0A6P3XMC8;NCBI;MSRSRHSRPRLSILLVALLAVIRYFRISLSITLPPTLKVPDPYGYDRDKRKIAAYNADNVLPLLALFSCLFVIGQTRTVSRVDESSIDVPVYKDSDVKKPFLLEEIYFHFYTPFGFNGTWISDDEILMENTILGDITKYNVMTGETTTMFDGKNLPLEYKFGSGTFSPDKQNILFTYNVKHVFRHSKIMSIVVYDVKRGTFEKVANESRVLLAKWLPNGNGLVYVRNNDIYHAVFKDGKSIVRRLTKSGKSGIVFNGISDWVYEEEVYASSTAMWHSPHGRYLAFATFNDTQVRDMEYSHYGVPGSLRDQYPTQVKLKYPKVGTPNPIVSLSVIDLTDPSSEAVTLEAPVHVVGSDNILYTVSWWNLTHVTATWTNRVQNQSQLVMYDAQGTAKLVWYDEEREGWLQPNSPVKVGNYALLLRQEDSGTSAGKFRHIVRYECDDGRFTSRVDLTPGPSEVHSIQAVDSRRGRVYYFATAPGEPSRRNLYSVALDASQNPTCISCEQHTPEGNKCAYAYASFSSRMSHYALSCSGPDLLAVTIHDENHRRITTWEDNKLIRDMLSKKLMPLQRDFNVTVNGYDSRVRLFLPPDFDETESYPMLVYVYGGPNSARIVDVAKFGYEHYMTTNKRVIYAWIDGRGSAFKGSKMLFEIYRRIGTVEVEDTIAVTKILQERYSWIDPDRTGIWGWSYGGFTTGMVLATDVESVFKCGISVAPVTSWIYYDSIYTERFMGLPTVDDNLAGYNATDISRRVRGIRGKKYMLIHGTEDDNVHYQQAMALAKSLERRDILFEQVTYTDEVHALLRVSPHLYHTMDKFWSECFGLDRTR;
EFN87861.1;Dipeptidyl peptidase 4;Dipeptidyl Peptidases IV ;Dipeptidyl Peptidases IV ;4_Ants_Ponerinae;Harpegnathos saltator;610380;E2B8W2;NCBI;METETWLQAELSPPFGRAAMTILPEVEFKSLLGMIDDRAEQPQTSSMTLPLDLLFLISAGFSSVSRGDERGVLPADQDSTTRSKKKPFTLEEIYLNLYGQFGFNGTWISDNEIMVENLLFGYITKYNVVTGKKTTIFDGKILPPEYKFAPASFSADKEHVFFTYNIKYVFRHSKYMNLVVHDVKRGSFKKVANEARISLATWLPIGSELVYVRANDIHHMVFKDGKSTVRRLTRSGKSGVVFNGIADWVYEEEVFSSSSAIWYSPDGRYLAFATFNDTLVRDMEYTYYGAPGSLKDQYPTQVRIKYPKVGTPNPVVSLSLIDLADRSSTAVALKAPIDVVGSDHVLFTVSWWDPKHVLATWTNRVQNQSQLVMYDTQGAAKPVWYDEERRGWLQPNSPMRVGQHALLLHREDSGSSAGKFQHIVRYAYDGSRFTSPVDLTPGSSEVQAILTADARRGRVYNLAAAPGEPSQRNLYSVALDASQNPTCISCEQLTPEGNKCAYATASFSSRMSHYALICLGPDPLTVTIHDTEDNRQIMTWQGNNLIRSMLSLRLMPLQKNFNVTVNGYDCRVRLFLPPDFDETQSYPMLVYVYGGPDTIRITDAARYGYEYYMTTNQRVICAWIDGRGSAFKGSKMLFEIYRHIGIVEVEDTIEVTKILQERYKWIDPQRTGIWGWSYGGFTSGMVLATDAESVFKCGISVAPVSSWIYYDSIYTERYMGLPSENDNLAGYNDTDISRRVEGIRGKKYMLIHGTADDNVHYQQSMALAKALEYQDILFNQVTYPDEIHGLFRVTPHLYHTMDKFWSECFDLDHTFLL;
AAK51798.2;Hyaluronidase;Hyaluronidases;Hyaluronidases;1_Bees_Apinae;Apis cerana cerana;94128;Q95PD7;NCBI;MSRPLVIAEEMMVGVLLMLAPVLRINALLLGFVPSTPNDNNKTKREFNVYWNVPTFMCHKYGLRFEEVSEKYGILQNWMDKFWGEEIAILYDPGMFPALLKDSNGNVVARNGGVPQLGNLTKHLQVFRDHLINQIPDKSFPGVGVIDFESWRPIFRQNWASLQPYKKLSIDVVRREHPSWGDQRVEQEAKRRFEKYGKLFMEETLKAAKRMRPAANWGHYAYPYCYNLTPNQPSSQCEATTMQENDKMSWLFESEDVLLPSVYLRWNLTSGERVGLVGGRVKEALRIARQMTTSRKKVLPYYWYKYQDRRDTDLSRADLEATLRKITDLGADGFIIWGSSNDINTKAKCVQFREYLNNDLGPVVKRIALNSNAPAAKSRLDVSVDQV;
AFI40555.1;Hyaluronidase;Hyaluronidases;Hyaluronidases;1_Bees_Apinae;Apis mellifera carnica;88217;I1VC83;NCBI;MSRPLVITEGMMIGVLLMLAPINALLLGFVQSTPDNNKTVREFNVYWNVPTFMCHKYGLRFEEVSEKYGILQNWMDKFRGEEIAILYDPGMFPALLKDPNGNVVARNGGVPQLGNLTKHLQVFRDHLINQIPDKSFPGVGVIDFESWRPIFRQNWASLQPYKKLSVEVVRREHPFWDDQRVEQEAKRRFEKYGQLFMETLKAAKRMRPAANWGYYAYPYCYNLTPNQPSAQCEATTMQENDKMSWLFESEDVLLPSVYLRWNLTSGERVGLVGGRVKEALRIARQMTTSRKKVLPYYWYKYQDRRDTDLSRADLEATLRKITDLGADGFIIWGSSDDINTKAKCLQFREYLNNELGPAVKRIALNNNANDRLTVDVSVDQV;
XP_033177131.1;Hyaluronidase;Hyaluronidases;Hyaluronidases;1_Bees_Apinae;Bombus impatiens;132113;A0A6P8LUT8;NCBI;MCHKYGLHFEEVSQRYGILQNSMDNFRGDEIAILYDPGMFPALLTDPNGKVVTRNGGVPQEGNLTKHLEVFREHLINQIPDKSFHGVGVIDFESWRPIFRQNWASLQPYKKLSIEIVRREHPFWDNQSVEQEAKRRFEKYGKLFMEETLKAAKQIRPSASWGYYAYPYCYNLTPNQHSSQCDSATMLENDKMSWLFELEDVLLPSVYFRLSLTSSERVGLVGGRVREALRIAKQMAIRKKVLPYYWYKYQDKRDMYLSKDDLEATLRKIMDLGADGLILWGSSDDINTRQKCVEFKEYVNNELGPIVDRIRRTALGLTQSNSTLVDNRIDVSVDQV;
KOC68535.1;Hyaluronidase;Hyaluronidases;Hyaluronidases;1_Bees_Apinae;Habropoda laboriosa;597456;A0A0L7RCK4;NCBI;LVSFVPTTPNVIEDHRSREFNVYWNVPTFMCHKYGLHFEEVSDRYGILQNKMDKFRGDEIAILYDPGMFPALLKSANGDVVMRNGGVPQEGNLTKHLEVFREHLINQIPDKSFHGVGVIDFESWRPIFRQNWASLQPYKKLSVDLVRREHPFWDSKSVEQEAKRRFEKYGKLFMEETLKAAKQMRPEAIWGYYAYPYCYNLTPNQPSSQCDSTTIQENDKLSWLFELEDVLLPSVYLRRSLTSGQRVGLVGGRVKEALRIAKQMTSRKKVLPYYWYKYQDQRDSYLTKVDLEATLRKISDLGADGLIIWGSSNDINTKQKCLQFREYLNNDLGPIVDRIRRTALGLSQRSGNSLDNRVGVSVDQV;
EZA61502.1;Hyaluronidase;Hyaluronidases;Hyaluronidases;4_Ants_Dorylinae;Ooceraea biroi;2015173;A0A026WZP1;NCBI;MCHKYGIKFENLNDFGIRQNIMDKFRGEEITILYDPGMFPALLTDKKGDVTRRNGGVPQEGDLKKHLEMFRKHLLEQIPDVSFSGVGVIDFESWRPIFRQNWASLEPYKTLSIKLERERHPLWSDAAIKKEAKRRFEKYGRIFMEETLKTAKKLRPKAAWGYYGYPHCFNQTPGQRSPHCSRQTMAENDGMSWLFELEDVHLPSVYLRQEIKEVDRVGFVKGRASEALRMAGKSTREQPVLPYTWFKYQDQRNDFLTKKDTENAINIIASLGAEGLIIWGSSEDTDTEQKCRDLQRYLREVLGPAIRRLVK;
EFN68537.1;Hyaluronidase;Hyaluronidases;Hyaluronidases;4_Ants_Formicinae;Camponotus floridanus;104421;E2ADC1;NCBI;MSYLVFLSSLGATTPEAGNPQQFDVYWNVPSFICHKYGVKFENLKNFGIHQNANDEFRGEEIVILYDPGMFPALLSDKNGTVTKRNGGVPQEGDLKEHLEIFRKHLIKQIPDESFNGIGVIDFESWRPIFRQNWASLEPYKTLSIKLEREKHPIWSDAAIKKEAKRRFEKYGRIFMEETLKIAKKLRPKATWGYYGYPHCFNYTPGQRTAHCSHQTMVENDEMSWLFTLEDVLMPSLYLRQEIREMDRMGFVKGRVSEALRMTEKSKRQVLPYYWFKYQDHRDIFLSKEDTENTINTIASLGANGMIIWGSSEDTNTEEKCKNLQQYVKDVLGPAIKRIKQQ;
KYN18603.1;Hyaluronidase;Hyaluronidases;Hyaluronidases;4_Ants_Myrmicinae;Trachymyrmex cornetzi;471704;A0A151J5V6;NCBI;LSSWGTTTLQASNPRQFDIYWNVPSFMCNQYNVIFDELKDFGIHQNTMDQFRGEEIAILYDPGMFPALLTDKTGTVTKRNGGVPQEGDLKIHLEMFQKHLIKQIPDGSFSGIGVVDFESWRPIFRQNWASLEPYKTLSIKLEHKRHPFWSDSAVKKEAKRRFEKYARIFMEETLNMAKKLRPKAKWGYYGYPYCFNQTPGQPTAHCNRQTMAENDEMSWLFTLEDVHLSSVYLRQEIRGEDRVGFVKGRVSEALRMASKIPRKQQVLPYYWFKYQDNRDNFLSEKDTENTFNTIAKLGADGLIIWGSSEDTNTEQKCKDLLQYVRTILGPAIKRIK;
KYQ55741.1;Hyaluronidase;Hyaluronidases;Hyaluronidases;4_Ants_Myrmicinae;Trachymyrmex zeteki;64791;A0A151X5S8;NCBI;LSSWGITTLQTSNPRQFDVYWNVPSFMCNQYNVIFNDLKDFGIHQNTMDQFRGEEIAILYDPGMFPALLTDKTGTVTKRNGGVPQEGDLKKHLEMFQKHLIKQIPDGSFSGIGVIDFESWRPIFRQNWASLEPYKTQSIKLERMRHPLWSENAVKKEAKRRFEKYARIFMEETLNMAKKLRSKAKWGYYGYPYCFNQTPGQPTAHCNRQTMAENNEMSWLFTLEDAHLSSVYLRQEIRGEDRVGFVKGRVSEALRMADKIPRKQQVLPYYWFKYQDNRDNFLSEAQKDTENTFNTIANLGADGLIIWGSSEDTNTEQKCKDLLQYVRTILGPAIKRIK;
ADL09135.1;Hyaluronidase;Hyaluronidases;Hyaluronidases;6_TrueWasps_Polistinae;Polybia paulista;291283;E0AD89;NCBI;SWVEFALSERPKRVFNIYWNVPTFMCHQYGINFDEVTDFNIKHNSKDNFRGETLAIYYDPGNFPALIPVNNGKYKERNGGVPQRGNITIHLQQFNEDLDKMTPDKSFGGIGVIDFERWRPVFRQNWGNTEIHKEYSIELVRKEHPKWSKSMIEAEATKKFEKYARYFMEETLKLAKKTRKRAKWGYYGFPYCYNASPNNPGPSCDAKAIIENDRMSWMYNNQEILLPSVYVRHKQDPEERIYLVQGRVKEAVRVSNNLEHSPSVLPYWWYVYQDEMEIFLSETDVKKTFQEIVTNGGDGIIIWGSSSDVNSLSKCKRLREYLLNTLGPIAVNVTETVNRRSSLNF;
CAL59818.1;Hyaluronidase;Hyaluronidases;Hyaluronidases;6_TrueWasps_Vespinae;Vespula germanica;30212;Q05FZ2;NCBI;SERPKRVFNIYWNVPTFMCHQYDLYFDEVTNFNIKRNSKDDFQGDKIAIFYDPGEFPALLSLKDGKYKKRNGGVPQEGNITIHLQKFIENLDKTYPNRNFSGIGVIDFERWRPIFRQNWGNMKIHKNFSIDLVRNEHPTWNKKMIELEASKRFEKYARFFMEETLKLAKKTRKQADWGYYGYPYCFNMSPNNLVPECDVTAMHENDKMSWLFNNQNVLLPSVYVRQELTPDQRIGLVQGRVKEAVRISNNLKHSPKVLSYWWYVYQDETNTYLTETDVKKTFQEIVINGGDGIIIWGSSSDVNSLSKCKRLQDYLLTVLGPIAVNVTEAVN;
P0CH89;Hyaluronidase;Hyaluronidases;Hyaluronidases;6_TrueWasps_Vespinae;Vespula maculifrons;7453;P0CH89;SP;DRCIWPKEGFSIYWNIPTHFCHNFGVYFKEL;
CCQ71107.1;Hyaluronidase;Hyaluronidases;Hyaluronidases;8_Parasitoids_Braconidae;Cotesia congregata;51543;S6CWF7;NCBI;MNKSVGGKFNRLRKKARDYKVYWNVPTFMCHKYGMYFNDLDKFGIIQNTNDQFRGEKIAILYDPGMFPALIKNPDGTITRRNGGVPQEGNLQSHLNLFKIHLEEQIQENFSGLGVIDFESWRPIFRQNSASLAPYRDLSIELEAARHRNWSKNAIKQHAVQLFETAGRVFMEETIKLAKQLRPNASWSYYAYPYCFNLTPNQPSASCDPRVLQENDQMSWLWKLEDTFLPSVYLRKSLSNDERLGLIVGRLHVAVRLSRKFPNRPVIPYFWFKFLDQRDIYLNKEDILSSFKVMIKNGADGHIIWGSSQDFNSQQKCEKFKSYLNDILGPAAKEITSLGS;
ACE75133.1;Hyaluronidase;Hyaluronidases;Hyaluronidases;8_Parasitoids_Braconidae;Glyptapanteles flavicoxis;463051;B7S8A9;NCBI;MCNKYGIYFDDLEKFGIIQNTNDHFRGEKITILYDPGMFPALIKNPNVPQEGNLQSHLDLFKTHLEEQVQKNFSGLGVIDFESWRPIFRQNWASLAPYRDLSIELETVRHKNWSKNAIKQHAVKLFESAGRLFMEETIKLAKQLRPHASWSYYAFPYCFNLTPNQPSASCDPRVFKENDQLSWLWKMEDSIIPSLYLPKSLTSHERSDFIATELQESVRTSKKFSNRPILPYFWYKFQDQVDVYFSENDILNSFKVMLDNGASGFVIWGSYKDVNTRKKCFNFKNYLKRMLGPAVATIKAIASTYTFADDINSDEL;
ABK57057.1;Hyaluronidase;Hyaluronidases;Hyaluronidases;8_Parasitoids_Braconidae;Glyptapanteles indiensis;92994;A0JCZ2;NCBI;MLSLPIFLLSIGQLEDTNYKTRDYKVYWNVPTFMCHKYGMYFDDLEKFGIIQNTNDHFRGEKITILYDPGMFPALIKNPNGTITRRNGGVPQEGNLQSHLDLFKTHLEEQVQENFSGLGVIDFESWRPIFRQNWASLAPYRDLSIELETASHKNWSKNAIKQHAVKLFESAGRLFMEETIKLAKQLRPYASWSYYAFPYCFNLTPNQPNASCDPRVFKENDQLSWLWKIEDSILPSVYLRKSLTSHQRSDFIAKELQESVRLSKKFSNRPILPYVWYKFQDQPDVYLSENDLLNSFKAILDNGASGFVVWGSYKDVNTRKKCFNFKTYLKRMLGPAVVTIKAIALTYTPADDINSDEL;
XP_015514160.1;Hyaluronidase;Hyaluronidases;Hyaluronidases;9_Sawflies_Diprionidae;Neodiprion lecontei;441921;A0A6J0BH91;NCBI;TFLGLMQVPGVSGASESDFYIYWNVPTFMCHRHGMFFEEVPEFGIRQNKKDHFRGDQIAILYDPGAFPALLKDENGHTVRRNGGVPQEGNVTFHLELFRKHVDQQIEDVGFSGLAVIDFESWRPIFRQNWASLAPYRDLSTEIERARHPFWDKNRVVSEATRRFEKSGRLFMEDTLRLARTLRPKASWSYYAYPYCFNLTPNVPTVGCDPKVYQENNRLSWMFNLQNVLLPSVYLQASLRHKERMELITGRVTEAIRISNRSKQNAKKPVIAYFWYKYQDSRNEFLTNDDVHDGFKTIKSLGGDGIVIWGSSGDLDTRLKCQAFKDYLNETLGPIARKFNVGRSLLDSGKLEEKENEDPDYTSTVSTAASMNTEEEESARYNFIAQKV;MDYKTFNQCALVAVFIAVSNATFLGLMQVPGVSGASESDFYIYWNVPTFMCHRHGMFFEEVPEFGIRQNKKDHFRGDQIAILYDPGAFPALLKDENGHTVRRNGGVPQEGNVTFHLELFRKHVDQQIEDVGFSGLAVIDFESWRPIFRQNWASLAPYRDLSTEIERARHPFWDKNRVVSEATRRFEKSGRLFMEDTLRLARTLRPKASWSYYAYPYCFNLTPNVPTVGCDPKVYQENNRLSWMFNLQNVLLPSVYLQASLRHKERMELITGRVTEAIRISNRSKQNAKKPVIAYFWYKYQDSRNEFLTNDDVHDGFKTIKSLGGDGIVIWGSSGDLDTRLKCQAFKDYLNETLGPIARKFNVGRSLLDSGKLEEKENEDPDYTSTVSTAASMNTEEEESARYNFIAQKV
P83451;N(4)-(beta-N-acetylglucosaminyl)-L-asparaginase; Ntn-hydrolases;Other Proteins;8_Parasitoids_Braconidae;Asobara tabida;58720;P83451;SP;RIIEPIAGGPFIVMTWNYPGTIGIIAVDANGHIAVGTSTN;
Q7M471;Venom protein HR-3;Other Proteins;Other Proteins;6_TrueWasps_Vespinae;Vespa orientalis;7447;Q7M471;SP;ASVHEFLVK;
P83542;Phospholipase A1;Phospholipases A1;Phospholipases;6_TrueWasps_Polistinae;Polistes gallicus;34730;P83542;SP;GITPDCTFNEKDIELHVYSRDKRNGIILKKEILKNYDLFKES;
P0DMB6;Phospholipase A1 verutoxin-1;Phospholipases A1;Phospholipases;6_TrueWasps_Vespinae;Vespa velutina;202808;P0DMB6;SP;GLLPKVKLVPEQISFILSTRENR;
P0DUN9;Basic phospholipase A2 homolog PocTX;Phospholipases A2;Phospholipases;6_TrueWasps_Polistinae;Polybia occidentalis;91432;P0DUN9;SP;EGKMILQETGKNPAKSYGVYGCNCGVGGRGKPKDATDRCCYVHKCCYKKLTGC;SLFELEGKMILQETGKNPAKSYGVYGCNCGVGGRGKPKDATDRCCYVHKCCYKKLTGC
tr_A0A6M6RA65_A0A6M6RA65_TETBN_Secapin_Tetramorium_bicarinatum;U17-MYRTX-Tb1c;Secapins;Secapins;4_Ants_Myrmicinae;Tetramorium bicarinatum;219812;A0A6M6RA65;TR;DGEATIIDVPIQCPPGKVKVGNRCRIVF;MEKNRTNIFSVYLMITFLLISIFITMVMSDGEATIIDVPIQCPPGKVKVGNRCRIVF
P0CH88;Venom protease;Serine Proteases;Serine Proteases;1_Bees_Apinae;Bombus terrestris;30195;P0CH88;SP;VVGGKPAKLGAWPWMVALGF;
